{"cameraMode":{"drawMode":0,"name":"Shaded","section":"Shading Mode"},"sceneLighting":true,"audioPlay":false,"sceneViewState":{"m_AlwaysRefresh":false,"showFog":true,"showSkybox":true,"showFlares":true,"showImageEffects":true,"showParticleSystems":true,"showVisualEffectGraphs":true,"m_FxEnabled":true},"in2DMode":false,"pivot":{"x":60.435752868652347,"y":10.594520568847657,"z":-3.5588293075561525},"rotation":{"x":0.47088590264320376,"y":0.3383786082267761,"z":-0.2018686830997467,"w":0.7893141508102417},"size":9.523977279663086,"orthographic":false}