{"cameraMode":{"drawMode":0,"name":"Shaded","section":"Shading Mode"},"sceneLighting":false,"audioPlay":false,"sceneViewState":{"m_AlwaysRefresh":false,"showFog":true,"showSkybox":false,"showFlares":true,"showImageEffects":true,"showParticleSystems":true,"showVisualEffectGraphs":true,"m_FxEnabled":true},"in2DMode":false,"pivot":{"x":0.0016007423400878907,"y":5.621264934539795,"z":-0.0025168657302856447},"rotation":{"x":-0.0006007917108945549,"y":-0.9915041327476502,"z":0.13012920320034028,"w":-0.00447998708114028},"size":6.077876091003418,"orthographic":false}